2026-01-29 14:36:16,TMP102 connected,
2026-01-29 14:36:16,Temperature: 25.06 °C,
2026-01-29 14:36:18,Temperature: 25.06 °C,
2026-01-29 14:36:20,Temperature: 25.06 °C,
2026-01-29 14:36:22,Temperature: 25.06 °C,
2026-01-29 14:36:24,Temperature: 25.06 °C,
2026-01-29 14:36:26,Temperature: 25.06 °C,
2026-01-29 14:36:28,Temperature: 25.06 °C,
2026-01-29 14:36:30,Temperature: 25.06 °C,
2026-01-29 14:36:32,Temperature: 25.06 °C,
2026-01-29 14:36:34,Temperature: 25.06 °C,
2026-01-29 14:36:36,Temperature: 25.06 °C,
2026-01-29 14:36:38,Temperature: 25.06 °C,
2026-01-29 14:36:40,Temperature: 25.06 °C,
2026-01-29 14:36:42,Temperature: 25.06 °C,
2026-01-29 14:36:44,Temperature: 25.06 °C,
2026-01-29 14:36:46,Temperature: 25.06 °C,
2026-01-29 14:36:48,Temperature: 25.06 °C,
2026-01-29 14:36:50,Temperature: 25.06 °C,
2026-01-29 14:36:52,Temperature: 25.06 °C,
2026-01-29 14:36:54,Temperature: 25.06 °C,
2026-01-29 14:36:56,Temperature: 25.06 °C,
2026-01-29 14:36:58,Temperature: 25.06 °C,
2026-01-29 14:37:00,Temperature: 25.06 °C,
2026-01-29 14:37:02,Temperature: 25.06 °C,
2026-01-29 14:37:04,Temperature: 25.06 °C,
2026-01-29 14:52:05,
2026-01-29 14:52:05,
2026-01-29 14:52:07,
2026-01-29 14:52:09,
2026-01-29 14:52:11,
2026-01-29 14:52:13,
2026-01-29 14:52:15,
2026-01-29 14:52:17,
2026-01-29 21:35:22,TMP102 connected,
2026-01-29 21:35:22,Temperature: 25.00 °C,
2026-01-29 21:35:24,Temperature: 25.00 °C,
2026-01-29 21:35:26,Temperature: 25.00 °C,
2026-01-29 21:35:28,Temperature: 25.00 °C,
2026-01-29 21:35:30,Temperature: 25.00 °C,
2026-01-29 21:35:32,Temperature: 25.00 °C,
2026-01-29 21:35:34,Temperature: 25.00 °C,
2026-01-29 21:35:36,Temperature: 25.00 °C,
2026-01-29 21:35:38,Temperature: 25.00 °C,
2026-01-29 21:35:40,Temperature: 25.00 °C,
2026-01-29 21:35:42,Temperature: 25.00 °C,
2026-01-29 21:35:44,Temperature: 25.00 °C,
2026-01-29 21:35:46,Temperature: 25.00 °C,
2026-01-29 21:35:48,Temperature: 25.00 °C,
2026-01-29 21:35:50,Temperature: 25.00 °C,
2026-01-29 21:35:52,Temperature: 25.00 °C,
2026-01-29 21:35:54,Temperature: 25.00 °C,
2026-01-29 21:35:56,Temperature: 25.00 °C,
2026-01-29 21:35:58,Temperature: 25.00 °C,
2026-01-29 21:36:00,Temperature: 25.00 °C,
2026-01-29 21:36:02,Temperature: 25.00 °C,
2026-01-29 21:36:04,Temperature: 25.00 °C,
2026-01-29 21:36:06,Temperature: 25.00 °C,
2026-01-29 21:36:08,Temperature: 25.00 °C,
2026-01-29 21:36:25,TMP102 connected,
2026-01-29 21:36:25,Temperature: 25.00 °C,
2026-01-29 21:36:27,Temperature: 25.06 °C,
2026-01-29 21:36:29,Temperature: 25.00 °C,
2026-01-29 21:36:31,Temperature: 25.00 °C,
2026-01-29 21:36:33,Temperature: 25.00 °C,
2026-01-29 21:36:35,Temperature: 25.06 °C,
2026-01-29 21:37:22,TMP102 connected,
2026-01-29 21:37:22,Temperature: 25.06 °C,
2026-01-29 21:37:24,Temperature: 25.06 °C,
2026-01-29 21:37:26,Temperature: 25.06 °C,
2026-01-29 21:37:28,Temperature: 25.06 °C,
2026-01-29 21:37:30,Temperature: 25.06 °C,
2026-01-29 21:37:32,Temperature: 25.06 °C,
2026-01-29 21:37:34,Temperature: 25.06 °C,
2026-01-29 21:37:36,Temperature: 25.06 °C,
2026-01-29 21:37:38,Temperature: 25.06 °C,
2026-01-29 21:37:40,Temperature: 25.06 °C,
2026-01-29 21:37:42,Temperature: 25.06 °C,
2026-01-29 21:37:44,Temperature: 25.06 °C,
2026-01-29 21:37:46,Temperature: 25.06 °C,
2026-01-29 21:37:48,Temperature: 25.06 °C,
2026-01-29 21:37:50,Temperature: 25.06 °C,
